document_id,delivery_date,order_id,invoice_id
33cce852ef808280a033a3,2020-6-20,94d2dec95eae2ccca9be,2e4b37a4a4e18a2b852bdb
887b9308f1e69bdfd2bfa,2020-10-11,90a4f033afc7626ace33e2,8d297fae17b7507d9ea16
be49b8f7a37abb3cdff1b,2020-1-19,3feb4b34c552545e6ad8d,8362e0b120ea266c73a53
e4fab33f646b2eba93bca,2020-8-31,50b7c5ef6362563c152e9e,d4426186ee6d971dee75c1
70f0e1c0e816ac80752c66,2020-11-3,b3926950a61389ddbe6aa,c4916be7be531752545914
9b40dcf7df7fe09a694f74,2020-5-23,a9a30704f5512cd2fada,5a3204a4811a4c1c85f
6a8c2956a9d2e67c952e,2020-7-15,8330fd7ab3de9f191581b3,282bae307fe696b344611f
a32261f2bada1e96dcefa4,2020-11-16,639fa73190e3a493995c3,2d35bd2b22cd36957e3b
9ed97bace9f0bc1097af2b,2020-5-29,1a728e6c14ac1571beb4b,8ed9d4bdef77d2c7e24dd
2ab1d594186a8f2aecfac,2020-3-3,f2469d4efa6cbcfb508e41,81e3fbaae7799dbe63a4d
41a5d588b01878fb10dd9b,2020-10-8,299f3e8aeb3dacdc29bbde,f0c4e72ec89f9986346ab9
